OLD_SHA	NEW_SHA
a17e5cf3c9dad089b8f9ed2c57eeac09b26ca56c	a7a122f240124ea76f988ee4a55ff5880a217592
b3f79cd174bfde7097d3b589bcc620ff6d487a76	cc2498c5a7a5d0ebed066713ceca1896b92f5358
e6130e22b5e4649e43893d2bd3d8fb19b2081cbf	097eee16238f4d3f15ce8a719307b00ada9f1af1
4720ee0aec8e0818f37ad3c0b13ee7a423c29f5a	5d93cf51bc488a1ebe41fe8d03cbc504f2b87add
338bd29bf41c768d92005c9caa6287ff347384cf	0b777ee89135f9c89fef2824b73b16cde61e7e2c
50f1c768d8af770ccee852790cceffb125f82061	bbdcc1ddcdb41a93d056682e2e596c03be78d6bf
ca52910e032bbe4e1728042b743928d604cc3e69	655a171e1c1aefd33badd36ad7ab3b58fc6634d9
828bafaa1e56517843274e106740fa662e15b4d8	15384add6a65a32e5d40fa8bf25f9e57a31ba6fb
e7cad1895d3cc1914030ba0d5480e3cb99ec387b	10d9d09cc66652e54d1d78bd3e318a22330395bc
3b773ea49933e6f9c7a4958a7e8acaad0e4ffaf0	07cbbd838ac8318626aff6b0d326cac7f1b44b8b
0a7a41528c9b39144afabdf3395793d6fc113aae	6d7af84c8a51d9e1a791d842dc1de113841da9e5
dfa16b49c150abf42b447d57fa0210b535ae0a40	a8bcb977b499bfda8237b91cd137cc93cef012f9
0b8c16e473a42cf8333e64d987036c2148f1d2f0	7ad8e53086e79ec066123a1ddbdc23786fdefd74
e55580ebb9978beeab20e86777408f80cdedb34a	5990df233ce246e7b6c586e1ae9d60d29d797072
44d9022486bca724769fa8e5f7b7c7a892cb310a	d806c8c6d9c01187cffbc935061ab299d9c944f8
0e041d371516591f34bfe8433aae59ab1d18aab0	a39bc55a4c3eca064019ec1eebb6b31776133769
b345a183988d99f9cde2ef767b85a4f113c76829	e02f8a3f70d1a6a2a24da13f4f88578907e215e8
4b8f516c294c10ce5eb4eac19e380e17ac25f2c9	7c7b9096e070ed1d658c5906fa73217ec1dbb4e5
c9702011c758528752e64e438f9866455d6c9779	2b8d4383c6774be9a3a2f5cc7180432d2bc637b3
a32c8dd75737b90c0abbbcc1393fcd33a6747342	1140e9f30fa77362bd47cd8c7ea9fdd666aae137
2fe1d28c9f0ee600f1f015e13c905b6680fa4933	48bcf4bc5dcccfbc55b185319867266dfceaac64
2808719ba1bf53ef9bb75fa7c1b0d8ca2ead5abc	3a374b7ba6f8e58d2c99975243d33631e9c4ba9a
bbb3a2340f16fcd3561273a5f795b5f552dcd800	28427cd19881a464e5d48544a90c19977b341119
b8c78459707d1896e2122220b896c4b2d2729521	f65c8350e4bd3ceb561f7378bc550030dac2f5d8
570474d0ac4f3fab17270921cedd865f355b6ed2	6c3085ce482226452ba8f668241ae1c839ba952c
f5a3b18cc238f8622b025c4e88c7ecb3f46af445	47a64c76b68fb830f62c0ce68c7c1fd57aa8bcc2
d862d1b38d621e9cbf9ec8dc6a7de3b34d9982da	2189535148b01176fa65f40263a5202bb3cfbdac
4949d101a672de5ad9f1927572df300af1ac7e22	cb9bb746cabdf17357ddd438a520352ea4cc7918
73b5a9c718a7bb090e126ec64aad5e5440318846	a75c2b4bffce38c58e2d31ee3298b65d60e24491
ab15ac46f13ede356e23250a7f9bf968fa42817b	0971843dc7f47456ef5155eea804306a60b8adf3
019779070877dcc5d70568e5b014ba7700ddf3e6	6933ebf2391287b15ae764e63c53f3f850190ac2
ccda6fbaa0727a3ea240633cb755ca527f4866e0	7fb068a590f17b9e0dac86d82fb3d3b780abbb9b
b6fbe610ff3bd820d14a2d3e5592b180e7fe1d5d	af9b002f470524d04061847e19dd9c357c6b732c
3c0815ab9e8773c15cb20b17234c2034635e458c	d1c4107a3324d2720cec53ac6caf87d932a38546
e0eb03dcf23488cd854194c136db06de6d419887	32a9cac356e2db1eb8724dd6c8590cf43af091b6
16d5e16bbfc3a05cf6bfa96e87491f26191b602f	6748ae0b88e70b6bed6a18867fd3df6e3bad41fb
d664d3a53027da5a5c36bef1e643aa6d7399d6af	8526b03b2972817ca19c5cfe612778ba3f1bb5bc
11fc16c93afd4239a28d10c21fdcb429a22ef00c	568e74400f55c1ef828c600c8692b95ada074205
c813bafa51180ab4242ce715ef3ebf2dd255877e	77327acc4439072a823ad52a3cf7039eab42f83f
f16c23508d65e23261d353ab9c7af60efa16b0ea	898e89ab3484a870ff4691669938571d8a79e4dc
7ac221492d61cb1fbc0b37b0c9a8aea46d745752	95db66ca12ade8c4b47b028134a50fd53d967f4a
86fe9a9aa0d50aa5e7e39a734cc2287abb010f90	ffe9a07692041458c96a58444565f21fe7c64a72
d471e7ec5f2ca912f6cb25e6752325e1132f98cd	214ca6b1dda7f2484226727e31f4fae4b138bdeb
3abe38050072b9f85d9816f3d129dc76b204f538	1c167be7868c59d93cea92c79a3f438f9bf24c43
c8e5de5d8d740c4eb1958413c69789263d74f64d	fa187874f29639a741064ca4d460504ecf51fbd8
2b558b3f2119889035012ee47d06790db9304778	27cf60804c8453efe8d02c3a1fc3a822bba08995
1c8cd728228350cc76aaed77382e368584990dbc	f46b5538601d2d7c1169898671ba53e7a1823120
937d8dcec241c6c6c55fac4d2836982d03dc7eff	b74118f6e6bd5c310148632f5fa743ce95a704ea
4a075936286b1a6a7c8e9d75c3f66ead8f3ac720	bb647fcbfb284b4fc923a27f3f7427c4fd1dc90a
c2c87ea72d6d743e4421d2a149ed9dfa38963270	1d5f3baf4cfdbe80770e3cbe0d39a5b8fca4dc8f
1817dd8eff183ac9b5674c9bc96a8699958e2acb	6bf8dd2ea5b3c78f1f01cb15744abff6cce76feb
717a14c11fbe552daaf8bf7c9d5b11c03a51b7c8	3c1b52b12bd1c3057400e5d60889608e1b46a1c4
b5b340e73e2b7b4998d0b180e4dcc8ba1c595f0d	72d38779763b340644a66c06f9ce63fc6f777180
5aecea2e744b2e1c04663e73fc76c037926acae7	1908dca43887ff6b95dd04514e22432856216f77
83fc46211d2362d51f91049871328525b9b9c6bd	3171e9c58f5f345d974cd5910a7400237aebce6e
e9bffb7d71edd45440107fabd37fb24e27725b39	7087fbd284c6fbceb10105499674dbf8080f941f
414f2c51c13b1f862e621d9b2eb30c5abece1e5e	879360451f906b45cd8eecafa7bd5ea41d9bb8f2
4a6953bde5009746fbd9932b9678eb3d74cfbb0c	3b8139b6279b92ab71ccd67ce93b085023d84902
7b42dbfcbb6f87133ea9ba88411729d09b80cdff	8d82dea0281535161e2ac6d45f99a9c09ac51dfc
1fe6caffcc5d2ab7e39ce46c4847425d54d18326	7057028cc290b581cf0c059a85b5b2ded5e629ae
34cfb6f5e8d2059016917acece86deb7878a13da	52b55f6d2f13444a06fab7a870f71f3b02ea8230
d8c7d4b47680d88dd51ea07006a580ac49f911d7	47339f61f4d655837f0e9c7c8c76641179b3bf74
06e486f08b7c48191f4ab675ea4832cc9fe7d7ef	7efb7f74b1437bbf6c23d6c80e7f0b073715d6ec
962148807a4e4c76e37e95e356aa1dd3e339e1c7	d152c0ce8c803caafd5ad71bd9cc9380f7d43756
47504c8803c2809e42452256afede2617b1e6979	b1d24bdba216fb541f651012c40a13ccd15f7fe1
b9a8c205a5fb1c0fe0e7cdda440a06dab20f3257	f1e80ae9bdd0b79cdbfed3024805361abc7a35af
aef323deb10eb734cf56a6feea5a4f28d41b06ee	10cf587794f36a5ecb4a7ae55c1928150bf29f54
98333c76f4ec17a62b3a6a537bc3b13615aa8d31	16ffa98c2b309cea0b4bd3b1362efcf7208a401b
437540014624b28f7ab483315e380e78b0355ac0	59e87926422143a6cddbaa79e346d1bdb9f5905f
